{"Longitute":127.366554,"Latitute":36.38356,"Altitute":20}